id,name,datetime,department_id,job_id
1,Ian David,2024-08-05T18:18:26.527050Z,3,1
2,Eva Laura,2024-01-24T18:18:26.527080Z,2,3
3,Oscar Grace,2023-12-08T18:18:26.527089Z,2,3
4,Tina Tina,2023-11-28T18:18:26.527100Z,2,1
5,Eva Julia,2024-03-16T18:18:26.527106Z,3,3
6,Charlie Tina,2024-07-05T18:18:26.527111Z,2,1
7,Mike David,2024-04-19T18:18:26.527116Z,2,3
8,Tina Steve,2024-04-25T18:18:26.527124Z,2,3
9,Frank Paula,2024-05-29T18:18:26.527131Z,2,3
10,Hannah Charlie,2024-05-19T18:18:26.527136Z,3,1
11,Bob Julia,2024-10-15T18:18:26.527141Z,2,1
12,Steve Bob,2023-11-30T18:18:26.527145Z,1,2
13,Ian Charlie,2024-05-13T18:18:26.527150Z,2,3
14,David Quentin,2023-12-12T18:18:26.527154Z,2,2
15,Nina Paula,2023-11-09T18:18:26.527159Z,1,3
16,Tina Oscar,2023-12-30T18:18:26.527163Z,2,2
17,Julia Ian,2024-04-03T18:18:26.527167Z,2,3
18,Paula Tina,2024-02-26T18:18:26.527172Z,1,1
19,Frank David,2024-08-01T18:18:26.527177Z,2,1
20,Tina Paula,2024-02-06T18:18:26.527181Z,1,1
21,Steve Mike,2024-10-01T18:18:26.527186Z,3,1
22,David Grace,2024-03-22T18:18:26.527190Z,3,1
23,Nina Ian,2024-10-23T18:18:26.527194Z,2,3
24,Rachel Bob,2024-02-26T18:18:26.527198Z,3,1
25,Charlie Tina,2024-09-02T18:18:26.527202Z,1,1
26,Mike Grace,2024-04-30T18:18:26.527207Z,2,2
27,Ian Alice,2024-06-25T18:18:26.527211Z,2,2
28,Hannah Charlie,2024-04-24T18:18:26.527215Z,3,2
29,Mike Julia,2024-10-11T18:18:26.527245Z,3,1
30,Frank Oscar,2024-01-29T18:18:26.527253Z,2,2
31,Frank Kevin,2024-02-14T18:18:26.527261Z,2,2
32,Tina Paula,2024-05-01T18:18:26.527268Z,2,2
33,Paula Frank,2024-07-20T18:18:26.527275Z,1,3
34,Paula Quentin,2024-01-22T18:18:26.527283Z,1,3
35,Bob Nina,2024-05-17T18:18:26.527292Z,2,2
36,Eva Frank,2024-10-26T18:18:26.527302Z,3,2
37,Eva Eva,2024-05-16T18:18:26.527310Z,2,3
38,Oscar Rachel,2024-03-31T18:18:26.527317Z,3,3
39,Oscar Ian,2024-08-15T18:18:26.527325Z,3,1
40,Steve Nina,2024-09-08T18:18:26.527329Z,3,1
41,David Alice,2024-09-04T18:18:26.527333Z,2,3
42,Rachel David,2024-04-09T18:18:26.527337Z,3,2
43,Quentin Mike,2024-02-02T18:18:26.527341Z,1,2
44,Julia Julia,2023-11-03T18:18:26.527345Z,1,2
45,Charlie Grace,2024-07-21T18:18:26.527350Z,1,3
46,Julia Oscar,2024-08-24T18:18:26.527354Z,3,1
47,David Tina,2024-01-22T18:18:26.527358Z,2,3
48,Oscar David,2024-04-18T18:18:26.527362Z,3,2
49,Oscar Nina,2024-01-16T18:18:26.527366Z,3,1
50,Laura Kevin,2024-06-28T18:18:26.527370Z,3,1
51,Hannah Alice,2023-11-08T18:18:26.527374Z,3,1
52,David Julia,2024-05-26T18:18:26.527379Z,3,3
53,Rachel Grace,2024-04-09T18:18:26.527383Z,1,3
54,Frank Frank,2024-07-01T18:18:26.527387Z,3,1
55,Laura Hannah,2023-12-22T18:18:26.527391Z,1,3
56,Charlie Rachel,2024-03-07T18:18:26.527395Z,1,3
57,Steve Oscar,2024-09-16T18:18:26.527399Z,1,1
58,Paula Frank,2024-02-27T18:18:26.527403Z,3,2
59,Ian Hannah,2024-04-23T18:18:26.527407Z,2,2
60,Charlie Rachel,2024-01-16T18:18:26.527411Z,1,3
61,Quentin Charlie,2024-03-28T18:18:26.527415Z,2,3
62,Nina Alice,2024-04-22T18:18:26.527419Z,1,3
63,Oscar Paula,2024-01-16T18:18:26.527423Z,3,1
64,Steve Laura,2024-09-22T18:18:26.527427Z,1,2
65,Nina Paula,2024-01-12T18:18:26.527431Z,1,3
66,Ian Bob,2024-05-16T18:18:26.527436Z,3,2
67,Quentin Bob,2023-11-16T18:18:26.527440Z,2,3
68,Laura Hannah,2023-12-23T18:18:26.527444Z,3,3
69,David Oscar,2024-04-26T18:18:26.527449Z,2,2
70,Hannah Alice,2024-04-06T18:18:26.527453Z,1,1
71,Nina Paula,2024-06-28T18:18:26.527457Z,2,3
72,Rachel Rachel,2024-07-27T18:18:26.527461Z,2,2
73,Laura Laura,2024-10-06T18:18:26.527470Z,3,3
74,Paula Grace,2024-09-27T18:18:26.527478Z,1,1
75,Mike Charlie,2024-06-08T18:18:26.527485Z,3,1
76,Hannah Kevin,2024-07-01T18:18:26.527493Z,1,2
77,Mike Quentin,2024-05-18T18:18:26.527502Z,2,1
78,Eva Rachel,2024-09-23T18:18:26.527507Z,1,3
79,Ian Ian,2024-05-08T18:18:26.527511Z,2,1
80,David Mike,2024-01-09T18:18:26.527520Z,3,2
81,Nina Bob,2024-09-03T18:18:26.527525Z,3,2
82,Paula Bob,2024-08-09T18:18:26.527529Z,3,3
83,Kevin Alice,2024-02-23T18:18:26.527533Z,2,3
84,Bob Charlie,2024-04-23T18:18:26.527537Z,2,2
85,Bob Tina,2024-10-02T18:18:26.527541Z,1,2
86,Oscar Mike,2024-04-20T18:18:26.527545Z,1,3
87,Nina Charlie,2024-07-03T18:18:26.527551Z,1,2
88,Laura Charlie,2024-08-27T18:18:26.527555Z,3,1
89,Charlie Quentin,2023-11-15T18:18:26.527559Z,3,1
90,Bob Charlie,2024-03-16T18:18:26.527563Z,2,2
91,Charlie Charlie,2024-10-25T18:18:26.527567Z,1,1
92,Kevin Steve,2024-02-15T18:18:26.527571Z,1,1
93,Frank Julia,2024-06-30T18:18:26.527575Z,1,1
94,Oscar Oscar,2024-04-26T18:18:26.527580Z,3,3
95,Alice Rachel,2024-06-23T18:18:26.527584Z,1,2
96,Hannah Hannah,2024-03-31T18:18:26.527588Z,3,2
97,Grace Paula,2024-08-27T18:18:26.527591Z,3,3
98,Laura Julia,2023-11-14T18:18:26.527595Z,3,1
99,Eva Bob,2024-02-07T18:18:26.527599Z,2,1
100,Julia Mike,2024-02-09T18:18:26.527604Z,2,2
101,Julia Alice,2024-01-19T18:18:26.527608Z,1,1
102,Hannah Charlie,2024-08-27T18:18:26.527612Z,2,2
103,Eva Eva,2024-05-11T18:18:26.527616Z,1,3
104,Quentin Hannah,2024-03-24T18:18:26.527620Z,2,2
105,Hannah Mike,2023-12-07T18:18:26.527624Z,1,2
106,Oscar Hannah,2024-04-22T18:18:26.527629Z,3,1
107,Charlie Ian,2023-12-26T18:18:26.527632Z,1,2
108,Grace Oscar,2024-07-13T18:18:26.527636Z,3,1
109,Julia Bob,2024-05-08T18:18:26.527640Z,2,1
110,Alice Alice,2024-10-23T18:18:26.527645Z,2,1
111,Steve Quentin,2024-07-06T18:18:26.527649Z,3,2
112,Ian Kevin,2024-03-02T18:18:26.527653Z,2,3
113,Tina Charlie,2024-01-31T18:18:26.527657Z,1,2
114,Oscar David,2024-04-11T18:18:26.527661Z,3,2
115,Kevin David,2024-01-28T18:18:26.527665Z,1,2
116,Quentin Frank,2024-04-08T18:18:26.527669Z,2,2
117,Hannah Julia,2024-07-30T18:18:26.527673Z,1,1
118,Eva Frank,2024-02-13T18:18:26.527681Z,2,3
119,David Bob,2023-11-01T18:18:26.527691Z,3,2
120,Kevin Oscar,2023-12-08T18:18:26.527699Z,2,3
121,Quentin David,2024-01-07T18:18:26.527707Z,3,3
122,Nina Grace,2024-03-23T18:18:26.527714Z,1,1
123,Nina David,2024-09-18T18:18:26.527718Z,1,3
124,Eva Steve,2024-09-16T18:18:26.527723Z,1,2
125,Eva Eva,2024-06-27T18:18:26.527727Z,3,1
126,Frank Hannah,2024-07-15T18:18:26.527731Z,3,1
127,Oscar Paula,2023-11-30T18:18:26.527736Z,3,2
128,Oscar Hannah,2024-06-05T18:18:26.527740Z,3,1
129,Bob Frank,2024-02-12T18:18:26.527744Z,3,2
130,Frank Bob,2024-08-31T18:18:26.527753Z,2,3
131,Laura Ian,2023-11-28T18:18:26.527767Z,2,3
132,Laura Rachel,2024-06-14T18:18:26.527778Z,3,1
133,Rachel Bob,2024-04-19T18:18:26.527784Z,1,1
134,Bob Alice,2024-04-09T18:18:26.527788Z,2,1
135,Paula Paula,2024-02-02T18:18:26.527793Z,3,3
136,Kevin Mike,2024-02-09T18:18:26.527801Z,1,1
137,David Alice,2024-02-25T18:18:26.527808Z,3,3
138,Julia Rachel,2024-07-27T18:18:26.527815Z,3,3
139,Nina Frank,2024-01-12T18:18:26.527820Z,1,3
140,Oscar Paula,2024-06-06T18:18:26.527824Z,3,1
141,Grace Grace,2024-06-04T18:18:26.527828Z,2,3
142,Frank Paula,2024-03-11T18:18:26.527832Z,1,1
143,Ian Frank,2024-09-23T18:18:26.527836Z,3,1
144,Eva Quentin,2024-10-22T18:18:26.527840Z,1,2
145,Quentin Laura,2024-05-28T18:18:26.527844Z,2,3
146,Hannah Mike,2024-07-23T18:18:26.527851Z,2,2
147,Kevin Quentin,2024-08-01T18:18:26.527857Z,3,1
148,Grace Steve,2024-10-05T18:18:26.527865Z,1,2
149,Laura Alice,2024-03-22T18:18:26.527870Z,3,3
150,Alice Grace,2024-05-26T18:18:26.527874Z,1,1
151,Bob Julia,2024-02-27T18:18:26.527879Z,3,1
152,Kevin Nina,2023-12-04T18:18:26.527883Z,3,1
153,Alice Rachel,2024-01-29T18:18:26.527888Z,2,1
154,Laura Rachel,2024-02-22T18:18:26.527891Z,2,2
155,Bob Alice,2023-12-16T18:18:26.527895Z,2,2
156,Steve Hannah,2024-10-19T18:18:26.527899Z,1,2
157,Ian Eva,2023-11-28T18:18:26.527903Z,2,3
158,Kevin Tina,2024-09-03T18:18:26.527907Z,3,3
159,Hannah Ian,2024-03-16T18:18:26.527911Z,2,3
160,Kevin David,2023-12-26T18:18:26.527914Z,2,3
161,Oscar Hannah,2024-01-13T18:18:26.527918Z,2,3
162,Hannah Hannah,2023-11-05T18:18:26.527922Z,2,3
163,Ian David,2024-09-30T18:18:26.527926Z,1,1
164,Eva Mike,2024-02-07T18:18:26.527930Z,1,2
165,Julia Rachel,2024-09-30T18:18:26.527934Z,1,2
166,Quentin Steve,2024-09-26T18:18:26.527938Z,2,1
167,Rachel Bob,2024-08-07T18:18:26.527942Z,3,2
168,Ian Laura,2023-11-18T18:18:26.527946Z,1,3
169,Steve Tina,2024-10-13T18:18:26.527951Z,2,1
170,Kevin Mike,2024-08-03T18:18:26.527955Z,3,2
171,Rachel Quentin,2023-12-02T18:18:26.527959Z,3,1
172,Alice Ian,2024-10-08T18:18:26.527963Z,2,1
173,Ian Julia,2023-11-15T18:18:26.527968Z,1,2
174,Quentin Quentin,2024-04-05T18:18:26.527972Z,3,3
175,Bob Grace,2024-05-07T18:18:26.527976Z,3,1
176,Steve Grace,2024-10-21T18:18:26.527980Z,1,1
177,Quentin Eva,2023-11-10T18:18:26.527984Z,2,1
178,Tina Julia,2023-10-31T18:18:26.527988Z,2,3
179,David Nina,2024-09-14T18:18:26.527992Z,1,3
180,Charlie Quentin,2023-12-15T18:18:26.527996Z,2,3
181,Rachel Kevin,2024-08-10T18:18:26.528000Z,2,3
182,Hannah Frank,2024-06-06T18:18:26.528011Z,1,3
183,Mike Steve,2024-04-21T18:18:26.528020Z,2,1
184,Grace Quentin,2024-01-05T18:18:26.528027Z,2,1
185,Steve Eva,2024-05-05T18:18:26.528031Z,1,3
186,Charlie Kevin,2024-09-30T18:18:26.528035Z,2,3
187,Frank Frank,2023-12-23T18:18:26.528040Z,2,1
188,Oscar Laura,2024-06-29T18:18:26.528043Z,3,2
189,Grace Julia,2024-04-06T18:18:26.528047Z,1,1
190,Mike Grace,2024-08-10T18:18:26.528051Z,2,1
191,Frank Tina,2024-08-24T18:18:26.528055Z,1,3
192,Nina Steve,2024-07-30T18:18:26.528061Z,3,2
193,Julia Ian,2023-12-15T18:18:26.528069Z,3,2
194,Bob Steve,2023-10-31T18:18:26.528078Z,2,3
195,Hannah Kevin,2024-01-25T18:18:26.528085Z,1,3
196,Rachel Quentin,2024-01-17T18:18:26.528093Z,3,2
197,Grace Julia,2024-01-10T18:18:26.528101Z,1,2
198,Frank Paula,2023-12-19T18:18:26.528108Z,1,3
199,Alice Nina,2024-07-03T18:18:26.528115Z,3,1
200,Ian Ian,2024-08-08T18:18:26.528119Z,3,1
201,Nina Mike,2024-03-03T18:18:26.528123Z,3,2
202,Rachel Alice,2023-11-22T18:18:26.528128Z,2,2
203,Eva Bob,2024-03-26T18:18:26.528132Z,1,2
204,Ian Mike,2024-10-12T18:18:26.528136Z,2,3
205,Julia Kevin,2024-05-03T18:18:26.528140Z,2,3
206,Grace Bob,2024-01-16T18:18:26.528144Z,2,2
207,Paula Tina,2024-08-22T18:18:26.528148Z,2,2
208,Tina Oscar,2024-05-23T18:18:26.528152Z,1,3
209,Julia Oscar,2024-07-08T18:18:26.528156Z,3,3
210,Tina Julia,2024-05-07T18:18:26.528160Z,3,2
211,Tina Charlie,2024-10-27T18:18:26.528164Z,3,3
212,David Nina,2024-03-01T18:18:26.528168Z,2,3
213,Tina Oscar,2024-06-03T18:18:26.528172Z,3,3
214,Julia Tina,2023-11-04T18:18:26.528176Z,2,3
215,Oscar Nina,2024-02-14T18:18:26.528181Z,2,2
216,Rachel Rachel,2023-11-28T18:18:26.528185Z,1,3
217,Laura Mike,2024-05-09T18:18:26.528188Z,2,2
218,Bob Nina,2024-08-29T18:18:26.528192Z,1,2
219,Ian Nina,2024-04-10T18:18:26.528197Z,3,1
220,Laura Kevin,2024-05-06T18:18:26.528201Z,3,1
221,Ian Alice,2024-01-15T18:18:26.528205Z,1,3
222,Bob Steve,2024-05-05T18:18:26.528209Z,1,2
223,Tina Nina,2024-10-28T18:18:26.528213Z,1,2
224,Tina Charlie,2024-10-25T18:18:26.528216Z,2,2
225,David Steve,2024-02-18T18:18:26.528221Z,1,1
226,Kevin Mike,2024-08-07T18:18:26.528225Z,2,3
227,Ian Julia,2024-08-11T18:18:26.528229Z,2,2
228,Tina Nina,2024-09-12T18:18:26.528234Z,1,2
229,Paula Kevin,2024-07-15T18:18:26.528237Z,3,2
230,Oscar Nina,2024-07-28T18:18:26.528241Z,1,1
231,David Laura,2024-07-10T18:18:26.528245Z,1,1
232,Charlie Paula,2024-07-14T18:18:26.528249Z,2,1
233,Hannah Alice,2024-05-03T18:18:26.528253Z,1,1
234,David Oscar,2024-09-16T18:18:26.528257Z,3,3
235,David Nina,2024-08-31T18:18:26.528261Z,3,3
236,Steve Grace,2024-04-29T18:18:26.528265Z,2,3
237,Hannah Ian,2024-03-17T18:18:26.528269Z,3,3
238,Kevin Hannah,2024-06-30T18:18:26.528273Z,3,2
239,Eva Nina,2024-04-03T18:18:26.528277Z,3,2
240,David Rachel,2024-04-24T18:18:26.528281Z,3,3
241,Ian David,2024-01-27T18:18:26.528285Z,3,2
242,Kevin Kevin,2024-08-04T18:18:26.528289Z,2,2
243,Frank Mike,2024-04-06T18:18:26.528293Z,1,3
244,Tina Mike,2024-04-15T18:18:26.528297Z,2,2
245,Hannah Paula,2024-10-22T18:18:26.528300Z,1,1
246,Grace Steve,2024-06-16T18:18:26.528304Z,3,2
247,Ian Bob,2024-02-06T18:18:26.528309Z,3,3
248,Julia Frank,2024-05-25T18:18:26.528313Z,3,2
249,Charlie Eva,2023-11-18T18:18:26.528317Z,2,1
250,Frank Ian,2024-05-25T18:18:26.528324Z,1,1
251,Rachel Ian,2023-12-06T18:18:26.528332Z,1,3
252,Mike Hannah,2023-11-23T18:18:26.528340Z,2,2
253,Mike Rachel,2024-04-05T18:18:26.528345Z,1,1
254,Laura David,2024-01-01T18:18:26.528349Z,1,3
255,Charlie Bob,2024-07-07T18:18:26.528353Z,1,1
256,Mike Julia,2024-06-30T18:18:26.528357Z,3,2
257,Quentin Quentin,2024-09-28T18:18:26.528362Z,3,2
258,Oscar Julia,2024-03-10T18:18:26.528368Z,2,2
259,Steve Bob,2023-11-19T18:18:26.528376Z,2,1
260,Mike Grace,2023-12-24T18:18:26.528386Z,1,3
261,Laura Bob,2024-07-30T18:18:26.528394Z,2,3
262,Rachel Laura,2024-06-19T18:18:26.528400Z,1,3
263,Eva Bob,2024-01-30T18:18:26.528404Z,1,3
264,Kevin Steve,2024-06-12T18:18:26.528408Z,2,3
265,Kevin Quentin,2024-07-09T18:18:26.528412Z,3,2
266,Rachel Eva,2024-01-04T18:18:26.528417Z,1,2
267,Eva Alice,2024-04-28T18:18:26.528421Z,1,1
268,David Grace,2024-08-31T18:18:26.528425Z,1,1
269,Ian Paula,2024-08-24T18:18:26.528429Z,3,3
270,Rachel Quentin,2024-10-05T18:18:26.528433Z,2,3
271,Grace Nina,2023-11-06T18:18:26.528437Z,3,1
272,David Grace,2024-05-03T18:18:26.528441Z,2,2
273,Laura Alice,2024-09-07T18:18:26.528445Z,3,3
274,David Paula,2024-01-04T18:18:26.528449Z,1,3
275,Tina Steve,2024-10-05T18:18:26.528453Z,2,1
276,Kevin Steve,2024-06-03T18:18:26.528458Z,2,1
277,Grace Grace,2024-10-27T18:18:26.528462Z,3,3
278,Quentin Charlie,2024-05-26T18:18:26.528466Z,1,1
279,Julia Julia,2024-02-04T18:18:26.528471Z,1,3
280,Charlie Paula,2024-10-09T18:18:26.528475Z,3,1
281,Grace Rachel,2024-02-03T18:18:26.528479Z,1,1
282,David Julia,2024-03-11T18:18:26.528483Z,2,2
283,Charlie David,2024-06-28T18:18:26.528488Z,1,3
284,Bob Frank,2024-10-22T18:18:26.528492Z,3,1
285,Quentin Nina,2024-01-11T18:18:26.528496Z,1,1
286,David Ian,2024-09-12T18:18:26.528500Z,3,3
287,Oscar Frank,2024-05-11T18:18:26.528504Z,2,2
288,Hannah Kevin,2023-11-04T18:18:26.528508Z,2,1
289,Eva Paula,2024-02-08T18:18:26.528512Z,1,2
290,Charlie Laura,2023-11-21T18:18:26.528516Z,1,1
291,Eva Alice,2024-09-26T18:18:26.528520Z,2,1
292,Kevin Charlie,2024-08-01T18:18:26.528524Z,2,2
293,Ian Laura,2023-11-20T18:18:26.528529Z,1,2
294,Paula Hannah,2024-05-10T18:18:26.528535Z,2,2
295,Kevin Frank,2024-08-03T18:18:26.528543Z,1,3
296,Nina Steve,2023-12-27T18:18:26.528551Z,1,2
297,Bob Steve,2024-10-23T18:18:26.528558Z,3,1
298,Quentin Nina,2024-10-15T18:18:26.528564Z,2,2
299,Kevin Julia,2024-03-15T18:18:26.528571Z,1,1
300,Quentin Alice,2023-11-03T18:18:26.528577Z,2,3
301,Laura Alice,2024-06-12T18:18:26.528581Z,2,2
302,Quentin Frank,2024-07-10T18:18:26.528585Z,2,2
303,Nina David,2023-11-23T18:18:26.528589Z,1,2
304,Mike Oscar,2024-08-21T18:18:26.528593Z,2,2
305,Charlie Oscar,2024-02-14T18:18:26.528598Z,2,3
306,Nina Julia,2024-03-16T18:18:26.528603Z,3,3
307,Tina Quentin,2023-12-05T18:18:26.528606Z,3,2
308,Hannah Rachel,2023-12-06T18:18:26.528613Z,3,2
309,Tina Mike,2024-09-11T18:18:26.528617Z,1,1
310,Eva Hannah,2023-11-06T18:18:26.528622Z,2,2
311,Rachel Mike,2023-12-06T18:18:26.528626Z,2,3
312,Ian Frank,2024-08-02T18:18:26.528631Z,2,3
313,Quentin Frank,2024-08-29T18:18:26.528635Z,3,2
314,Ian David,2024-10-02T18:18:26.528647Z,2,1
315,Steve Steve,2024-01-08T18:18:26.528651Z,1,3
316,Paula Steve,2024-03-23T18:18:26.528655Z,2,2
317,Eva Paula,2024-03-01T18:18:26.528659Z,3,1
318,Nina David,2024-02-04T18:18:26.528663Z,2,1
319,Mike Paula,2024-03-25T18:18:26.528668Z,1,1
320,Mike Alice,2024-05-01T18:18:26.528672Z,2,3
321,Hannah Charlie,2023-11-18T18:18:26.528675Z,3,2
322,Frank Eva,2024-05-10T18:18:26.528681Z,1,2
323,Nina Steve,2024-06-07T18:18:26.528685Z,1,1
324,Paula Julia,2024-03-01T18:18:26.528689Z,1,3
325,Alice Kevin,2024-02-20T18:18:26.528693Z,3,1
326,Frank Ian,2023-12-31T18:18:26.528808Z,2,3
327,David Frank,2024-04-09T18:18:26.528818Z,1,1
328,Hannah Ian,2024-04-26T18:18:26.528824Z,3,1
329,Laura Bob,2023-11-23T18:18:26.528833Z,1,1
330,Nina Julia,2024-03-30T18:18:26.528841Z,2,3
331,Eva Kevin,2024-04-25T18:18:26.528849Z,2,3
332,Eva Tina,2024-09-07T18:18:26.528856Z,3,2
333,Julia Eva,2024-08-10T18:18:26.528862Z,1,2
334,Julia David,2024-04-15T18:18:26.528866Z,1,2
335,Paula Frank,2023-11-28T18:18:26.528871Z,3,2
336,Charlie Rachel,2024-08-16T18:18:26.528878Z,2,2
337,Julia Nina,2023-11-08T18:18:26.528889Z,2,2
338,Kevin Hannah,2023-11-01T18:18:26.528979Z,1,2
339,David David,2023-12-05T18:18:26.528990Z,3,2
340,Rachel Ian,2024-06-07T18:18:26.528999Z,3,2
341,Alice Rachel,2024-04-11T18:18:26.529004Z,2,3
342,David Hannah,2024-07-21T18:18:26.529008Z,3,1
343,Oscar Eva,2023-11-18T18:18:26.529014Z,3,2
344,Steve Mike,2024-09-17T18:18:26.529018Z,1,2
345,Paula Quentin,2024-08-09T18:18:26.529022Z,1,3
346,Rachel Charlie,2023-12-14T18:18:26.529027Z,1,2
347,Kevin Tina,2023-11-12T18:18:26.529031Z,3,1
348,Oscar Charlie,2024-01-15T18:18:26.529035Z,1,2
349,Eva Grace,2024-10-16T18:18:26.529039Z,3,1
350,Bob David,2023-11-05T18:18:26.529043Z,3,3
351,David Mike,2024-04-13T18:18:26.529048Z,2,3
352,Charlie Charlie,2024-05-24T18:18:26.529051Z,2,3
353,Grace Frank,2024-08-11T18:18:26.529055Z,1,1
354,Steve Grace,2023-12-28T18:18:26.529060Z,3,1
355,Bob Kevin,2024-07-13T18:18:26.529065Z,3,2
356,Julia Tina,2024-06-17T18:18:26.529068Z,2,3
357,Mike Quentin,2024-07-31T18:18:26.529073Z,3,3
358,Laura Paula,2024-04-07T18:18:26.529080Z,1,1
359,Eva Hannah,2024-07-16T18:18:26.529088Z,1,1
360,Oscar Nina,2023-12-21T18:18:26.529095Z,3,1
361,Grace David,2024-09-10T18:18:26.529099Z,3,1
362,Laura Tina,2024-01-04T18:18:26.529104Z,1,3
363,Oscar Kevin,2024-09-21T18:18:26.529108Z,1,2
364,Ian Julia,2024-03-16T18:18:26.529112Z,2,1
365,Quentin Nina,2024-09-24T18:18:26.529116Z,3,1
366,Bob Oscar,2024-06-30T18:18:26.529122Z,2,2
367,Frank Julia,2023-11-22T18:18:26.529132Z,3,2
368,Oscar Laura,2024-08-31T18:18:26.529139Z,3,2
369,Kevin Ian,2024-02-21T18:18:26.529149Z,2,1
370,Eva David,2023-11-23T18:18:26.529153Z,2,2
371,Frank Charlie,2023-12-18T18:18:26.529160Z,2,3
372,Steve Laura,2023-11-30T18:18:26.529169Z,1,2
373,Ian Frank,2024-01-25T18:18:26.529176Z,1,3
374,Frank Hannah,2023-12-16T18:18:26.529184Z,2,1
375,Julia Grace,2024-01-08T18:18:26.529191Z,3,3
376,Bob Rachel,2024-10-23T18:18:26.529195Z,1,2
377,Alice Mike,2024-09-29T18:18:26.529199Z,2,3
378,Laura Steve,2024-04-17T18:18:26.529211Z,1,3
379,Oscar Laura,2024-06-10T18:18:26.529215Z,1,2
380,David Oscar,2024-02-21T18:18:26.529219Z,3,1
381,Eva Julia,2024-09-12T18:18:26.529223Z,2,2
382,Frank Kevin,2024-07-25T18:18:26.529227Z,2,3
383,Charlie Tina,2024-07-14T18:18:26.529231Z,1,1
384,Nina Kevin,2024-01-11T18:18:26.529235Z,1,3
385,Tina Frank,2023-10-30T18:18:26.529239Z,2,1
386,Quentin Ian,2024-06-29T18:18:26.529243Z,3,2
387,Laura Paula,2024-05-01T18:18:26.529247Z,3,1
388,Nina Kevin,2024-06-06T18:18:26.529251Z,2,3
389,Oscar Rachel,2024-10-03T18:18:26.529255Z,3,2
390,Julia Bob,2024-09-06T18:18:26.529268Z,2,2
391,Charlie Kevin,2024-04-27T18:18:26.529271Z,2,3
392,Mike David,2024-05-19T18:18:26.529275Z,2,2
393,Grace Grace,2024-04-10T18:18:26.529280Z,1,1
394,Grace Tina,2024-01-23T18:18:26.529283Z,2,3
395,Tina Charlie,2024-04-16T18:18:26.529287Z,3,3
396,Hannah Eva,2024-09-06T18:18:26.529291Z,2,1
397,Oscar Mike,2023-11-21T18:18:26.529295Z,3,2
398,Laura Paula,2024-05-05T18:18:26.529299Z,2,3
399,Tina Hannah,2024-08-10T18:18:26.529304Z,1,3
400,Ian Kevin,2023-11-01T18:18:26.529308Z,2,3
401,Alice Quentin,2024-01-05T18:18:26.529313Z,3,1
402,Grace Paula,2024-02-27T18:18:26.529321Z,2,3
403,Paula Hannah,2024-05-30T18:18:26.529326Z,1,2
404,Alice Laura,2024-06-02T18:18:26.529330Z,1,3
405,Mike Tina,2024-01-14T18:18:26.529333Z,3,2
406,Tina Ian,2024-01-11T18:18:26.529338Z,2,3
407,Oscar Alice,2024-07-08T18:18:26.529342Z,2,3
408,Eva Nina,2024-04-27T18:18:26.529346Z,1,3
409,Julia Kevin,2024-05-06T18:18:26.529350Z,2,3
410,Laura Julia,2023-11-29T18:18:26.529356Z,3,3
411,Bob Oscar,2024-06-05T18:18:26.529360Z,1,2
412,Steve Quentin,2024-08-26T18:18:26.529364Z,1,3
413,Oscar Mike,2024-10-10T18:18:26.529368Z,3,2
414,Frank Mike,2023-12-16T18:18:26.529372Z,1,1
415,Steve Laura,2024-09-02T18:18:26.529376Z,3,3
416,Kevin Alice,2024-10-18T18:18:26.529381Z,3,2
417,Oscar Laura,2024-03-13T18:18:26.529386Z,3,1
418,Grace Oscar,2024-10-19T18:18:26.529394Z,3,3
419,Hannah Laura,2023-12-12T18:18:26.529403Z,2,3
420,David Alice,2024-01-30T18:18:26.529410Z,3,2
421,Kevin Rachel,2024-02-18T18:18:26.529419Z,1,1
422,Frank Alice,2024-01-02T18:18:26.529433Z,2,1
423,Bob Steve,2023-11-10T18:18:26.529439Z,1,3
424,Grace Hannah,2024-07-13T18:18:26.529447Z,3,3
425,Bob Kevin,2024-10-27T18:18:26.529455Z,3,1
426,Quentin Tina,2024-06-23T18:18:26.529462Z,2,1
427,Tina Mike,2024-09-24T18:18:26.529469Z,1,3
428,Laura Nina,2024-04-07T18:18:26.529477Z,1,1
429,Grace Rachel,2024-06-01T18:18:26.529483Z,1,2
430,Steve Julia,2024-01-11T18:18:26.529487Z,3,1
431,Steve Steve,2024-03-05T18:18:26.529505Z,2,3
432,David Kevin,2024-07-03T18:18:26.529509Z,1,2
433,David Nina,2024-06-08T18:18:26.529514Z,1,1
434,Steve Oscar,2024-05-28T18:18:26.529518Z,1,2
435,Grace Ian,2024-07-08T18:18:26.529522Z,1,3
436,Rachel Ian,2024-01-23T18:18:26.529526Z,3,2
437,David Bob,2023-12-21T18:18:26.529530Z,3,1
438,Laura Frank,2024-06-01T18:18:26.529534Z,3,1
439,Julia Quentin,2024-04-09T18:18:26.529539Z,1,2
440,Bob David,2023-11-04T18:18:26.529543Z,3,2
441,Hannah Eva,2023-11-26T18:18:26.529547Z,3,3
442,Frank Nina,2023-12-19T18:18:26.529551Z,2,1
443,Hannah Quentin,2024-01-20T18:18:26.529555Z,3,1
444,David Nina,2024-07-20T18:18:26.529559Z,1,1
445,Bob Eva,2024-02-20T18:18:26.529563Z,3,3
446,Eva Alice,2024-03-23T18:18:26.529567Z,3,3
447,Mike Mike,2023-11-12T18:18:26.529571Z,2,1
448,Paula Steve,2024-08-06T18:18:26.529575Z,3,3
449,Ian Charlie,2024-10-04T18:18:26.529579Z,1,1
450,Steve Mike,2024-09-02T18:18:26.529583Z,1,2
451,Frank Bob,2024-10-20T18:18:26.529587Z,1,2
452,Frank David,2024-05-09T18:18:26.529591Z,1,1
453,Quentin Frank,2023-11-23T18:18:26.529595Z,1,1
454,Rachel Mike,2024-09-07T18:18:26.529599Z,1,1
455,Grace Hannah,2024-05-11T18:18:26.529603Z,1,3
456,Alice Julia,2024-04-10T18:18:26.529607Z,3,3
457,David Nina,2024-01-10T18:18:26.529611Z,1,2
458,Alice Hannah,2024-05-29T18:18:26.529617Z,1,3
459,Kevin Ian,2024-04-22T18:18:26.529622Z,1,2
460,Bob David,2024-03-20T18:18:26.529630Z,2,1
461,David Mike,2024-05-07T18:18:26.529637Z,1,3
462,Quentin Laura,2024-09-27T18:18:26.529644Z,1,3
463,Paula Laura,2024-07-23T18:18:26.529652Z,2,1
464,Oscar Nina,2024-10-13T18:18:26.529660Z,1,3
465,Kevin Laura,2024-06-30T18:18:26.529669Z,2,2
466,Julia Paula,2024-07-22T18:18:26.529675Z,2,3
467,Ian Grace,2024-04-11T18:18:26.529683Z,3,3
468,Oscar Quentin,2024-06-02T18:18:26.529690Z,3,1
469,Alice Grace,2024-03-02T18:18:26.529697Z,2,3
470,Eva Bob,2024-08-28T18:18:26.529704Z,3,3
471,Hannah Frank,2024-02-07T18:18:26.529712Z,2,1
472,Ian Eva,2024-03-02T18:18:26.529717Z,3,1
473,Alice Steve,2024-09-27T18:18:26.529722Z,1,1
474,Eva Tina,2024-05-13T18:18:26.529726Z,2,1
475,Tina Nina,2024-03-18T18:18:26.529731Z,3,2
476,Rachel Alice,2024-03-15T18:18:26.529735Z,1,2
477,Paula Eva,2023-12-23T18:18:26.529740Z,2,2
478,Julia Steve,2024-07-04T18:18:26.529744Z,1,1
479,Laura Bob,2024-03-20T18:18:26.529748Z,3,1
480,Laura Rachel,2024-02-11T18:18:26.529752Z,3,1
481,Steve Julia,2024-05-07T18:18:26.529758Z,3,2
482,Hannah Quentin,2024-04-14T18:18:26.529766Z,3,3
483,Nina Julia,2024-02-02T18:18:26.529773Z,2,1
484,Julia Laura,2024-04-25T18:18:26.529780Z,2,2
485,Paula Alice,2024-07-29T18:18:26.529787Z,2,1
486,Oscar Ian,2024-04-18T18:18:26.529800Z,2,3
487,Tina Alice,2024-01-24T18:18:26.529808Z,2,1
488,Bob Julia,2023-12-05T18:18:26.529816Z,2,2
489,Julia Quentin,2023-11-09T18:18:26.529823Z,1,3
490,Quentin David,2024-05-22T18:18:26.529830Z,1,2
491,Alice Laura,2024-07-18T18:18:26.529837Z,1,3
492,Frank Oscar,2024-06-22T18:18:26.529845Z,1,1
493,Kevin Frank,2023-12-22T18:18:26.529853Z,1,2
494,David Julia,2023-12-18T18:18:26.529861Z,3,3
495,Steve Nina,2023-11-14T18:18:26.529872Z,1,3
496,Nina Oscar,2024-06-11T18:18:26.529881Z,1,1
497,Paula David,2023-12-17T18:18:26.529891Z,1,1
498,Hannah Eva,2024-05-01T18:18:26.529895Z,3,1
499,Steve Tina,2024-01-22T18:18:26.529899Z,1,3
500,Nina Charlie,2024-07-12T18:18:26.529903Z,2,1
501,Grace Frank,2024-05-19T18:18:26.529907Z,1,1
502,Bob Bob,2023-12-01T18:18:26.529911Z,1,3
503,Oscar Frank,2024-09-04T18:18:26.529920Z,1,3
504,Rachel Ian,2024-01-16T18:18:26.529924Z,2,3
505,Laura Steve,2024-02-17T18:18:26.529928Z,1,2
506,Julia Grace,2023-11-17T18:18:26.529935Z,1,1
507,Alice Hannah,2024-09-13T18:18:26.529939Z,3,2
508,Rachel Oscar,2023-12-28T18:18:26.529942Z,2,1
509,Mike Ian,2024-02-25T18:18:26.529947Z,3,1
510,Nina Steve,2024-06-13T18:18:26.529954Z,3,1
511,David Bob,2024-02-04T18:18:26.529962Z,1,1
512,Charlie Ian,2024-03-23T18:18:26.529970Z,2,2
513,Ian Charlie,2024-02-29T18:18:26.529975Z,1,3
514,David Oscar,2024-09-13T18:18:26.529979Z,3,3
515,Steve Kevin,2024-04-13T18:18:26.529985Z,2,1
516,Mike Laura,2024-05-04T18:18:26.529989Z,3,3
517,Kevin Grace,2024-03-26T18:18:26.529992Z,3,1
518,Alice Paula,2023-11-25T18:18:26.529999Z,1,3
519,Hannah David,2024-04-13T18:18:26.530004Z,1,2
520,Paula Grace,2024-03-11T18:18:26.530008Z,3,1
521,Rachel Steve,2024-04-03T18:18:26.530012Z,1,1
522,Rachel Nina,2024-03-29T18:18:26.530016Z,3,2
523,Alice Bob,2024-03-24T18:18:26.530020Z,3,3
524,David Frank,2024-01-03T18:18:26.530024Z,3,1
525,Nina Mike,2024-09-13T18:18:26.530028Z,1,2
526,Mike Bob,2023-12-26T18:18:26.530032Z,1,1
527,Kevin Nina,2024-09-27T18:18:26.530041Z,3,1
528,Bob Julia,2024-08-22T18:18:26.530048Z,3,2
529,Steve Paula,2024-03-19T18:18:26.530057Z,1,1
530,Hannah David,2024-08-24T18:18:26.530064Z,3,1
531,Bob Ian,2024-03-31T18:18:26.530071Z,3,1
532,Quentin Nina,2024-09-11T18:18:26.530077Z,3,3
533,Quentin Oscar,2023-12-05T18:18:26.530081Z,2,1
534,Steve Mike,2023-11-15T18:18:26.530085Z,3,2
535,Mike Grace,2024-07-02T18:18:26.530089Z,1,2
536,Julia Steve,2023-12-05T18:18:26.530093Z,3,1
537,Quentin Frank,2024-10-11T18:18:26.530097Z,1,3
538,Bob Hannah,2024-04-10T18:18:26.530105Z,3,1
539,Steve David,2024-06-22T18:18:26.530109Z,2,1
540,Kevin Ian,2024-09-08T18:18:26.530113Z,1,1
541,Charlie Rachel,2024-08-20T18:18:26.530117Z,3,3
542,Oscar Paula,2024-02-09T18:18:26.530121Z,1,2
543,Grace Laura,2024-02-29T18:18:26.530125Z,1,3
544,Paula Paula,2024-02-26T18:18:26.530128Z,3,3
545,Julia Steve,2024-01-27T18:18:26.530133Z,3,2
546,Hannah Mike,2023-12-21T18:18:26.530137Z,3,3
547,Quentin Steve,2024-01-16T18:18:26.530141Z,3,2
548,Ian Julia,2024-06-05T18:18:26.530149Z,3,1
549,Steve Steve,2023-12-25T18:18:26.530156Z,3,2
550,Charlie David,2024-07-11T18:18:26.530166Z,3,3
551,Julia Julia,2024-06-16T18:18:26.530170Z,1,3
552,Eva Paula,2023-11-06T18:18:26.530175Z,1,1
553,Paula Oscar,2023-11-01T18:18:26.530180Z,3,2
554,Nina Charlie,2024-05-01T18:18:26.530188Z,3,2
555,Hannah Alice,2024-07-14T18:18:26.530195Z,1,2
556,Frank Grace,2024-01-08T18:18:26.530202Z,3,3
557,Julia Alice,2024-02-20T18:18:26.530209Z,1,3
558,Charlie Steve,2023-12-16T18:18:26.530216Z,1,3
559,Ian Nina,2024-08-17T18:18:26.530226Z,3,1
560,Mike Oscar,2024-07-19T18:18:26.530232Z,2,1
561,Mike Ian,2024-01-31T18:18:26.530242Z,1,3
562,Laura Oscar,2024-05-19T18:18:26.530251Z,2,1
563,Steve Nina,2023-12-13T18:18:26.530258Z,1,2
564,Paula Eva,2024-06-27T18:18:26.530266Z,1,3
565,Quentin David,2023-12-08T18:18:26.530273Z,2,3
566,Kevin Bob,2024-04-28T18:18:26.530277Z,2,3
567,Kevin Grace,2024-09-12T18:18:26.530281Z,2,3
568,Frank Bob,2024-07-12T18:18:26.530285Z,1,1
569,Bob Rachel,2024-03-25T18:18:26.530289Z,3,1
570,Rachel Eva,2024-06-05T18:18:26.530297Z,2,1
571,Nina Mike,2024-01-08T18:18:26.530301Z,2,3
572,David Quentin,2024-03-13T18:18:26.530305Z,2,3
573,David Bob,2024-07-07T18:18:26.530309Z,1,1
574,Steve Frank,2023-11-09T18:18:26.530313Z,1,3
575,Rachel Charlie,2024-02-03T18:18:26.530318Z,1,2
576,Mike Alice,2023-11-07T18:18:26.530322Z,2,3
577,Quentin Paula,2023-11-17T18:18:26.530326Z,2,3
578,Hannah Alice,2024-03-25T18:18:26.530330Z,3,2
579,Mike Rachel,2024-04-07T18:18:26.530334Z,3,1
580,Bob Frank,2023-12-20T18:18:26.530338Z,1,3
581,Rachel Quentin,2024-05-13T18:18:26.530342Z,2,1
582,Grace Alice,2024-01-03T18:18:26.530348Z,2,3
583,Paula Grace,2024-02-02T18:18:26.530352Z,1,3
584,Frank Paula,2024-03-19T18:18:26.530356Z,1,2
585,Frank Steve,2023-12-02T18:18:26.530360Z,2,2
586,Tina Charlie,2024-04-24T18:18:26.530364Z,3,1
587,Rachel David,2024-08-23T18:18:26.530368Z,3,1
588,Hannah Frank,2024-10-05T18:18:26.530372Z,2,2
589,Tina Hannah,2024-02-20T18:18:26.530377Z,1,2
590,Alice Julia,2024-03-22T18:18:26.530381Z,1,1
591,Steve Frank,2024-03-28T18:18:26.530387Z,3,1
592,Bob Tina,2024-02-03T18:18:26.530391Z,3,2
593,Paula Kevin,2024-02-04T18:18:26.530395Z,3,1
594,Laura Mike,2024-01-16T18:18:26.530406Z,3,1
595,Paula Mike,2024-03-19T18:18:26.530411Z,2,1
596,David Ian,2024-09-19T18:18:26.530415Z,2,3
597,Kevin David,2024-01-14T18:18:26.530419Z,2,3
598,Laura Steve,2024-06-24T18:18:26.530423Z,3,1
599,Steve Steve,2023-11-21T18:18:26.530427Z,1,2
600,Kevin Ian,2023-11-07T18:18:26.530431Z,1,2
601,Eva Julia,2024-08-14T18:18:26.530435Z,2,2
602,Steve Mike,2024-07-03T18:18:26.530442Z,3,3
603,Tina Grace,2024-02-21T18:18:26.530446Z,2,2
604,Paula Kevin,2024-03-02T18:18:26.530450Z,1,3
605,Alice Quentin,2024-03-23T18:18:26.530454Z,2,2
606,Kevin Mike,2024-02-22T18:18:26.530457Z,2,3
607,Laura David,2024-04-11T18:18:26.530462Z,1,2
608,Oscar Laura,2023-11-06T18:18:26.530467Z,2,3
609,Grace Ian,2024-03-16T18:18:26.530471Z,1,1
610,Steve Laura,2023-11-17T18:18:26.530475Z,1,2
611,Mike Tina,2024-01-30T18:18:26.530479Z,2,1
612,Oscar Julia,2024-01-30T18:18:26.530483Z,1,2
613,Rachel Frank,2024-07-29T18:18:26.530487Z,2,3
614,Mike Mike,2024-04-28T18:18:26.530493Z,3,1
615,Bob Eva,2024-04-23T18:18:26.530497Z,1,1
616,Nina Mike,2024-05-13T18:18:26.530502Z,2,1
617,Bob Alice,2024-03-20T18:18:26.530509Z,1,3
618,Bob Alice,2024-09-12T18:18:26.530517Z,3,2
619,Kevin Tina,2024-07-20T18:18:26.530525Z,3,1
620,Hannah Tina,2024-04-01T18:18:26.530533Z,3,1
621,Rachel David,2024-06-14T18:18:26.530540Z,3,1
622,Oscar Quentin,2024-05-28T18:18:26.530547Z,2,2
623,Kevin Hannah,2023-11-20T18:18:26.530555Z,3,2
624,Eva Mike,2023-11-26T18:18:26.530562Z,3,2
625,Oscar Hannah,2023-12-07T18:18:26.530571Z,1,1
626,Hannah Oscar,2024-06-17T18:18:26.530578Z,3,1
627,Ian Oscar,2024-03-23T18:18:26.530586Z,1,1
628,Nina Charlie,2024-04-19T18:18:26.530593Z,1,1
629,Oscar David,2024-01-02T18:18:26.530601Z,1,3
630,Oscar Julia,2024-07-16T18:18:26.530608Z,2,1
631,Rachel Charlie,2023-12-21T18:18:26.530612Z,2,2
632,Nina Steve,2023-11-13T18:18:26.530621Z,2,1
633,Eva Steve,2024-05-16T18:18:26.530625Z,1,3
634,Rachel Nina,2023-11-10T18:18:26.530630Z,1,3
635,Laura Charlie,2024-07-22T18:18:26.530634Z,2,2
636,Nina Steve,2023-12-20T18:18:26.530638Z,2,3
637,David Tina,2024-05-10T18:18:26.530642Z,2,2
638,Ian Laura,2024-05-28T18:18:26.530645Z,3,3
639,Oscar Ian,2024-03-04T18:18:26.530650Z,3,2
640,Bob David,2024-07-30T18:18:26.530657Z,1,2
641,Grace Mike,2023-12-12T18:18:26.531345Z,2,1
642,Tina Rachel,2024-08-22T18:18:26.531370Z,1,1
643,Frank Charlie,2023-11-22T18:18:26.531377Z,1,3
644,Kevin Hannah,2023-11-11T18:18:26.531383Z,3,2
645,David Frank,2024-05-29T18:18:26.531388Z,1,1
646,Ian Frank,2024-08-07T18:18:26.531417Z,2,1
647,Laura Grace,2024-05-30T18:18:26.531424Z,2,2
648,Steve Rachel,2023-12-26T18:18:26.531429Z,1,1
649,Alice Nina,2024-07-25T18:18:26.531434Z,2,2
650,David Alice,2024-03-21T18:18:26.531438Z,2,2
651,Grace Paula,2024-03-05T18:18:26.531443Z,2,1
652,Hannah Steve,2024-09-16T18:18:26.531447Z,2,2
653,Quentin Oscar,2024-06-26T18:18:26.531451Z,3,1
654,Steve Steve,2023-11-27T18:18:26.531456Z,3,3
655,Tina Rachel,2024-05-14T18:18:26.531465Z,2,1
656,Frank Nina,2024-06-09T18:18:26.531478Z,3,2
657,Paula Oscar,2024-06-27T18:18:26.531484Z,3,1
658,Laura Eva,2024-03-14T18:18:26.531489Z,3,2
659,Ian Paula,2024-06-11T18:18:26.531495Z,2,2
660,David Grace,2024-10-05T18:18:26.531500Z,1,1
661,Grace Bob,2024-07-13T18:18:26.531504Z,1,3
662,Hannah Alice,2024-08-02T18:18:26.531509Z,2,1
663,Alice Charlie,2024-02-24T18:18:26.531513Z,3,1
664,Ian David,2024-04-27T18:18:26.531517Z,2,2
665,Mike Kevin,2023-11-04T18:18:26.531521Z,1,1
666,Kevin Oscar,2024-07-07T18:18:26.531530Z,1,2
667,Steve Steve,2024-08-18T18:18:26.531535Z,2,1
668,Laura Nina,2024-06-21T18:18:26.531539Z,3,2
669,Steve Paula,2023-12-29T18:18:26.531543Z,3,3
670,Hannah David,2024-03-05T18:18:26.531547Z,2,3
671,Nina Eva,2024-01-21T18:18:26.531551Z,3,1
672,Bob Hannah,2023-11-01T18:18:26.531556Z,1,2
673,Paula Paula,2024-10-19T18:18:26.531572Z,1,3
674,Tina Tina,2024-03-13T18:18:26.531581Z,3,1
675,Laura Ian,2024-08-24T18:18:26.531590Z,2,3
676,Mike Charlie,2024-01-06T18:18:26.531598Z,3,3
677,Charlie Rachel,2024-06-02T18:18:26.531606Z,3,2
678,Kevin Frank,2024-07-30T18:18:26.531614Z,1,1
679,Hannah Eva,2024-09-01T18:18:26.531618Z,3,3
680,Charlie Grace,2024-05-03T18:18:26.531623Z,2,1
681,Ian Ian,2024-09-06T18:18:26.531627Z,2,2
682,Mike Oscar,2024-05-06T18:18:26.531632Z,1,2
683,Mike Oscar,2024-03-21T18:18:26.531636Z,3,1
684,Alice Bob,2024-06-30T18:18:26.531639Z,1,2
685,Alice Alice,2024-10-14T18:18:26.531644Z,3,3
686,Rachel Charlie,2024-06-25T18:18:26.531652Z,1,3
687,Ian Hannah,2024-01-08T18:18:26.531664Z,2,2
688,David Steve,2024-05-13T18:18:26.531673Z,2,1
689,Steve Eva,2024-10-06T18:18:26.531683Z,2,1
690,Oscar Paula,2024-02-19T18:18:26.531688Z,2,1
691,Tina Ian,2024-04-19T18:18:26.531692Z,2,1
692,Julia Quentin,2024-06-30T18:18:26.531697Z,1,2
693,Charlie Alice,2024-09-07T18:18:26.531701Z,2,2
694,Paula Eva,2024-08-04T18:18:26.531705Z,3,2
695,Grace Mike,2024-06-23T18:18:26.531710Z,3,1
696,Eva Tina,2024-04-15T18:18:26.531714Z,1,3
697,Kevin Tina,2024-07-04T18:18:26.531718Z,1,3
698,Rachel Paula,2024-09-25T18:18:26.531726Z,2,2
699,Rachel Laura,2024-09-08T18:18:26.531730Z,3,3
700,Paula Grace,2024-09-01T18:18:26.531739Z,2,2
701,Julia Hannah,2024-08-21T18:18:26.531747Z,1,1
702,Bob Eva,2024-03-13T18:18:26.531760Z,1,2
703,Frank Hannah,2024-07-13T18:18:26.531769Z,2,1
704,Laura Tina,2024-05-03T18:18:26.531774Z,1,3
705,Laura Hannah,2024-06-20T18:18:26.531796Z,2,1
706,Mike Frank,2024-08-25T18:18:26.531805Z,2,2
707,Julia Kevin,2024-01-26T18:18:26.531812Z,1,1
708,David Nina,2024-01-07T18:18:26.531816Z,3,3
709,Grace Kevin,2023-11-30T18:18:26.531820Z,2,3
710,David Nina,2024-08-15T18:18:26.531828Z,1,2
711,Grace Paula,2024-06-30T18:18:26.531833Z,2,3
712,Charlie Steve,2024-06-12T18:18:26.531837Z,3,1
713,Alice Rachel,2024-10-13T18:18:26.531841Z,2,1
714,Hannah Grace,2024-10-18T18:18:26.531845Z,3,3
715,Laura Oscar,2024-04-18T18:18:26.531849Z,2,2
716,Grace Eva,2024-03-27T18:18:26.531857Z,3,3
717,Bob Frank,2024-04-12T18:18:26.531865Z,2,2
718,Alice Steve,2024-01-30T18:18:26.531873Z,2,2
719,Bob Julia,2023-12-04T18:18:26.531885Z,2,1
720,Ian Ian,2024-03-15T18:18:26.531899Z,2,1
721,Kevin Grace,2024-01-28T18:18:26.531904Z,1,1
722,Alice Bob,2024-05-28T18:18:26.531909Z,2,1
723,Tina Rachel,2023-12-22T18:18:26.531913Z,1,1
724,Alice Charlie,2024-06-12T18:18:26.531917Z,1,3
725,Charlie Hannah,2024-05-24T18:18:26.531924Z,1,3
726,Kevin Steve,2023-11-29T18:18:26.531933Z,2,1
727,Bob Paula,2024-05-22T18:18:26.531941Z,2,1
728,Rachel Steve,2024-06-02T18:18:26.531949Z,2,1
729,Eva Paula,2023-12-29T18:18:26.531957Z,2,1
730,Oscar Charlie,2023-11-22T18:18:26.531974Z,2,2
731,Bob Ian,2023-11-25T18:18:26.531978Z,1,3
732,Laura Frank,2024-08-06T18:18:26.531982Z,2,2
733,Tina Paula,2024-03-28T18:18:26.531986Z,1,3
734,Frank David,2024-01-31T18:18:26.531991Z,1,1
735,Oscar Paula,2024-10-08T18:18:26.531995Z,1,2
736,Tina Charlie,2024-04-18T18:18:26.531999Z,3,3
737,Grace David,2024-09-09T18:18:26.532003Z,3,2
738,Ian Eva,2024-03-09T18:18:26.532007Z,1,1
739,Steve Charlie,2024-08-06T18:18:26.532011Z,1,3
740,Ian Ian,2024-09-11T18:18:26.532015Z,1,3
741,Ian Ian,2024-03-15T18:18:26.532019Z,1,1
742,Alice Steve,2024-04-17T18:18:26.532025Z,1,1
743,Alice Frank,2024-09-22T18:18:26.532038Z,3,1
744,Hannah Rachel,2024-05-01T18:18:26.532046Z,2,1
745,Grace Hannah,2024-08-01T18:18:26.532055Z,2,3
746,Rachel Mike,2024-03-28T18:18:26.532067Z,1,2
747,Quentin Ian,2024-08-25T18:18:26.532074Z,3,3
748,Eva Tina,2024-09-17T18:18:26.532078Z,3,1
749,Nina Kevin,2024-03-05T18:18:26.532082Z,1,1
750,Rachel Quentin,2024-08-09T18:18:26.532086Z,2,1
751,Hannah Steve,2023-11-20T18:18:26.532092Z,2,3
752,Julia Paula,2024-04-22T18:18:26.532096Z,3,1
753,Steve Julia,2024-09-21T18:18:26.532101Z,2,1
754,Alice Nina,2024-08-27T18:18:26.532105Z,2,1
755,Mike David,2024-07-11T18:18:26.532109Z,2,3
756,Hannah Steve,2024-01-19T18:18:26.532114Z,1,1
757,David Nina,2024-01-11T18:18:26.532118Z,2,1
758,Oscar Quentin,2024-09-07T18:18:26.532122Z,1,1
759,Bob Quentin,2024-05-05T18:18:26.532126Z,2,3
760,Mike Grace,2024-05-19T18:18:26.532129Z,2,3
761,Rachel Hannah,2024-02-28T18:18:26.532136Z,3,1
762,Steve Rachel,2024-03-19T18:18:26.532144Z,1,2
763,Ian Grace,2024-02-07T18:18:26.532149Z,2,2
764,Rachel Grace,2024-03-17T18:18:26.532153Z,3,1
765,Laura Ian,2023-11-02T18:18:26.532157Z,1,3
766,Eva Frank,2024-01-17T18:18:26.532161Z,1,2
767,Steve Charlie,2023-10-31T18:18:26.532166Z,2,3
768,Nina Alice,2024-10-15T18:18:26.532170Z,1,3
769,Alice Quentin,2024-09-06T18:18:26.532174Z,1,3
770,Ian Quentin,2023-12-26T18:18:26.532178Z,2,3
771,Hannah Grace,2024-05-19T18:18:26.532182Z,1,2
772,David Ian,2024-07-02T18:18:26.532195Z,1,3
773,Alice Julia,2024-05-30T18:18:26.532200Z,3,3
774,Ian David,2024-02-27T18:18:26.532206Z,2,2
775,Laura Hannah,2023-12-12T18:18:26.532210Z,2,3
776,Tina Rachel,2023-12-16T18:18:26.532216Z,1,2
777,Steve Alice,2024-05-07T18:18:26.532226Z,2,3
778,Oscar Quentin,2024-10-09T18:18:26.532234Z,1,1
779,Bob Nina,2024-03-18T18:18:26.532241Z,2,2
780,Laura Ian,2023-11-01T18:18:26.532247Z,3,2
781,Grace Paula,2023-11-06T18:18:26.532254Z,1,3
782,Steve Mike,2024-06-28T18:18:26.532260Z,3,3
783,Rachel Laura,2024-01-08T18:18:26.532268Z,2,1
784,Paula Mike,2024-10-19T18:18:26.532274Z,3,1
785,Ian Alice,2023-11-06T18:18:26.532281Z,3,3
786,Hannah Tina,2024-03-12T18:18:26.532287Z,3,3
787,Eva Paula,2024-10-07T18:18:26.532295Z,3,3
788,Quentin Steve,2024-02-01T18:18:26.532300Z,3,3
789,Oscar Oscar,2023-12-29T18:18:26.532305Z,2,3
790,Grace Eva,2024-08-10T18:18:26.532309Z,3,2
791,Hannah David,2024-07-03T18:18:26.532313Z,2,3
792,Tina Laura,2024-01-06T18:18:26.532316Z,2,3
793,Laura David,2024-05-27T18:18:26.532320Z,3,3
794,Steve Mike,2024-09-28T18:18:26.532325Z,1,2
795,Nina Grace,2024-03-23T18:18:26.532329Z,3,1
796,Quentin Steve,2023-12-30T18:18:26.532333Z,2,3
797,Charlie Oscar,2024-03-31T18:18:26.532343Z,3,3
798,Alice Nina,2024-06-19T18:18:26.532347Z,2,2
799,Grace Oscar,2023-12-05T18:18:26.532351Z,2,1
800,David Alice,2024-07-11T18:18:26.532355Z,1,2
801,Rachel Ian,2023-11-03T18:18:26.532359Z,2,1
802,Julia David,2023-11-01T18:18:26.532363Z,3,1
803,Eva Eva,2024-08-18T18:18:26.532367Z,2,3
804,Bob Rachel,2024-01-02T18:18:26.532371Z,3,3
805,Bob Quentin,2024-09-08T18:18:26.532375Z,1,3
806,Charlie Julia,2024-04-22T18:18:26.532379Z,2,2
807,Ian Kevin,2024-02-18T18:18:26.532383Z,1,1
808,Frank Quentin,2024-09-25T18:18:26.532387Z,1,3
809,Oscar David,2024-04-12T18:18:26.532391Z,2,1
810,Bob Kevin,2023-11-23T18:18:26.532396Z,1,3
811,Oscar Oscar,2024-08-29T18:18:26.532399Z,2,2
812,Charlie Bob,2023-11-14T18:18:26.532408Z,2,2
813,Rachel Grace,2024-06-01T18:18:26.532416Z,3,1
814,Kevin Rachel,2024-10-10T18:18:26.532425Z,2,2
815,Frank Eva,2024-07-05T18:18:26.532435Z,3,3
816,Ian Hannah,2024-05-12T18:18:26.532440Z,2,3
817,Tina David,2023-12-03T18:18:26.532446Z,3,1
818,Rachel Rachel,2024-01-07T18:18:26.532451Z,2,1
819,Rachel Oscar,2024-03-22T18:18:26.532457Z,1,3
820,Julia Oscar,2023-12-11T18:18:26.532465Z,1,1
821,Rachel Eva,2023-11-09T18:18:26.532473Z,2,1
822,Julia Julia,2024-04-12T18:18:26.532478Z,2,2
823,Quentin Laura,2024-04-29T18:18:26.532482Z,1,1
824,Kevin Steve,2024-10-19T18:18:26.532486Z,3,1
825,Quentin Julia,2024-06-18T18:18:26.532490Z,3,2
826,Kevin Bob,2024-03-17T18:18:26.532498Z,3,3
827,Paula Oscar,2024-04-01T18:18:26.532502Z,1,2
828,Frank Tina,2024-01-12T18:18:26.532506Z,2,2
829,Kevin Grace,2024-09-15T18:18:26.532510Z,3,3
830,Charlie Hannah,2024-09-28T18:18:26.532514Z,2,3
831,Eva Frank,2024-08-06T18:18:26.532518Z,3,2
832,Bob Nina,2023-12-30T18:18:26.532522Z,1,1
833,Ian Tina,2024-07-31T18:18:26.532526Z,2,2
834,Quentin Steve,2024-05-15T18:18:26.532530Z,2,1
835,Laura Frank,2024-02-09T18:18:26.532533Z,2,3
836,Ian Kevin,2024-04-11T18:18:26.532537Z,1,1
837,Mike Nina,2024-05-10T18:18:26.532542Z,1,2
838,Julia Bob,2024-02-01T18:18:26.532547Z,1,3
839,Nina Eva,2024-03-25T18:18:26.532551Z,2,2
840,Quentin Oscar,2023-11-11T18:18:26.532556Z,1,2
841,Bob Nina,2024-08-18T18:18:26.532559Z,1,3
842,Julia Eva,2024-08-07T18:18:26.532563Z,3,2
843,Nina Quentin,2024-02-17T18:18:26.532567Z,3,2
844,Paula Ian,2024-07-01T18:18:26.532571Z,3,2
845,David Julia,2024-05-19T18:18:26.532574Z,2,1
846,Oscar Ian,2024-10-07T18:18:26.532578Z,2,3
847,Hannah Nina,2024-06-09T18:18:26.532583Z,1,1
848,Rachel Alice,2024-03-17T18:18:26.532589Z,1,2
849,David Alice,2024-07-01T18:18:26.532593Z,2,2
850,David Oscar,2024-06-22T18:18:26.532597Z,2,1
851,Bob Frank,2024-05-04T18:18:26.532601Z,2,2
852,Hannah Tina,2024-08-03T18:18:26.532605Z,1,3
853,Alice Alice,2024-09-19T18:18:26.532614Z,3,1
854,Rachel Kevin,2024-10-25T18:18:26.532622Z,3,2
855,Mike Steve,2024-04-15T18:18:26.532630Z,3,3
856,Bob Tina,2023-12-14T18:18:26.532639Z,3,1
857,Oscar Paula,2024-07-09T18:18:26.532643Z,3,3
858,Grace Tina,2023-11-23T18:18:26.532651Z,2,2
859,Julia Paula,2024-07-20T18:18:26.532655Z,2,3
860,Bob Paula,2024-02-26T18:18:26.532661Z,2,2
861,Tina David,2024-01-01T18:18:26.532669Z,2,2
862,Quentin Alice,2024-10-16T18:18:26.532684Z,1,2
863,Bob Julia,2024-02-07T18:18:26.532689Z,2,2
864,Oscar Mike,2024-10-17T18:18:26.532693Z,1,2
865,Kevin Mike,2024-04-22T18:18:26.532697Z,1,3
866,Tina Alice,2024-05-24T18:18:26.532701Z,2,3
867,Mike Kevin,2024-03-28T18:18:26.532705Z,1,1
868,Charlie Hannah,2024-06-29T18:18:26.532708Z,3,2
869,Nina Mike,2024-01-02T18:18:26.532712Z,2,2
870,Ian Alice,2024-07-22T18:18:26.532718Z,3,3
871,Alice Kevin,2024-07-02T18:18:26.532722Z,3,3
872,Kevin Steve,2023-12-15T18:18:26.532730Z,1,1
873,Ian Alice,2024-08-12T18:18:26.532738Z,3,3
874,Kevin Hannah,2023-11-01T18:18:26.532747Z,2,2
875,Laura Kevin,2024-08-16T18:18:26.532755Z,2,3
876,Quentin Eva,2023-11-13T18:18:26.532759Z,3,1
877,Nina Laura,2024-06-09T18:18:26.532763Z,3,2
878,Paula Tina,2024-01-31T18:18:26.532767Z,1,3
879,Kevin Steve,2024-02-23T18:18:26.532773Z,3,3
880,Nina Grace,2024-01-28T18:18:26.532777Z,1,1
881,Alice Ian,2024-09-01T18:18:26.532790Z,1,1
882,Paula Frank,2024-09-02T18:18:26.532794Z,1,1
883,Kevin David,2024-04-23T18:18:26.532798Z,1,2
884,Bob Frank,2024-10-20T18:18:26.532802Z,3,1
885,Paula Tina,2024-01-23T18:18:26.532805Z,3,3
886,Alice Alice,2024-05-18T18:18:26.532809Z,1,1
887,Charlie Steve,2024-04-27T18:18:26.532816Z,3,3
888,Nina Tina,2024-04-20T18:18:26.532829Z,3,1
889,Oscar Oscar,2024-08-31T18:18:26.532836Z,3,1
890,Ian Steve,2024-02-10T18:18:26.532849Z,2,3
891,Julia Charlie,2024-09-06T18:18:26.532858Z,3,3
892,Alice Nina,2024-10-27T18:18:26.532862Z,1,3
893,Eva Alice,2024-08-03T18:18:26.532866Z,3,2
894,Oscar Nina,2024-10-23T18:18:26.532870Z,1,3
895,Oscar David,2024-08-15T18:18:26.532874Z,2,1
896,Kevin Mike,2024-02-02T18:18:26.532878Z,1,1
897,Oscar Eva,2024-07-08T18:18:26.532882Z,1,3
898,Bob Rachel,2024-01-02T18:18:26.532886Z,1,3
899,Rachel Paula,2023-12-28T18:18:26.532893Z,1,1
900,Alice David,2024-01-22T18:18:26.532966Z,2,1
901,Julia Steve,2023-12-19T18:18:26.532972Z,1,3
902,Steve Steve,2023-11-11T18:18:26.532980Z,2,1
903,Steve Tina,2024-05-23T18:18:26.532985Z,2,1
904,Mike Quentin,2024-01-29T18:18:26.532993Z,1,3
905,Charlie Rachel,2024-09-20T18:18:26.533001Z,1,3
906,Julia Alice,2024-04-13T18:18:26.533009Z,2,1
907,Oscar Tina,2023-11-19T18:18:26.533017Z,2,2
908,Julia Alice,2024-05-20T18:18:26.533023Z,3,1
909,Hannah Eva,2024-08-14T18:18:26.533029Z,3,1
910,Tina Hannah,2024-01-08T18:18:26.533036Z,1,3
911,Steve Tina,2024-08-07T18:18:26.533044Z,3,1
912,Laura Nina,2024-07-17T18:18:26.533048Z,2,1
913,Paula Julia,2024-05-24T18:18:26.533053Z,1,3
914,Julia Steve,2024-06-14T18:18:26.533057Z,3,3
915,Hannah Eva,2024-04-25T18:18:26.533061Z,2,2
916,Alice Eva,2024-03-08T18:18:26.533065Z,2,1
917,Steve Charlie,2024-07-26T18:18:26.533069Z,2,2
918,Ian Ian,2024-07-16T18:18:26.533073Z,3,2
919,Charlie Eva,2024-06-15T18:18:26.533078Z,2,1
920,Laura Quentin,2023-11-27T18:18:26.533082Z,2,2
921,Alice Ian,2024-10-03T18:18:26.533086Z,2,2
922,Ian Julia,2024-05-03T18:18:26.533095Z,1,1
923,Bob Julia,2024-09-15T18:18:26.533099Z,1,1
924,Laura Tina,2023-12-15T18:18:26.533102Z,3,3
925,Julia Grace,2023-11-10T18:18:26.533106Z,2,3
926,Frank Paula,2024-10-27T18:18:26.533110Z,3,2
927,Julia David,2023-11-09T18:18:26.533114Z,2,1
928,Eva Charlie,2024-05-06T18:18:26.533123Z,1,2
929,Steve Paula,2024-10-03T18:18:26.533131Z,2,2
930,Nina Mike,2024-03-13T18:18:26.533140Z,1,2
931,Alice Eva,2023-11-14T18:18:26.533147Z,1,2
932,Paula Julia,2024-08-03T18:18:26.533151Z,3,3
933,Quentin Tina,2024-06-27T18:18:26.533155Z,1,3
934,Frank Nina,2024-05-25T18:18:26.533163Z,3,1
935,Kevin Steve,2024-03-25T18:18:26.533179Z,1,1
936,Bob Alice,2024-08-06T18:18:26.533183Z,2,2
937,Julia Oscar,2024-02-11T18:18:26.533187Z,3,1
938,Frank Frank,2023-11-07T18:18:26.533191Z,2,1
939,Ian Laura,2024-05-25T18:18:26.533195Z,2,1
940,Oscar Hannah,2024-08-21T18:18:26.533199Z,3,1
941,Ian Hannah,2024-08-01T18:18:26.533204Z,3,2
942,Hannah Kevin,2024-08-09T18:18:26.533208Z,1,3
943,Bob Nina,2024-01-25T18:18:26.533213Z,2,2
944,Kevin Eva,2024-03-13T18:18:26.533217Z,2,3
945,Hannah Frank,2023-12-18T18:18:26.533221Z,3,2
946,David Quentin,2024-06-25T18:18:26.533225Z,2,2
947,Bob Rachel,2024-04-20T18:18:26.533229Z,3,2
948,Alice Nina,2024-05-30T18:18:26.533233Z,2,3
949,David Rachel,2024-05-07T18:18:26.533237Z,2,2
950,Charlie Hannah,2024-08-07T18:18:26.533245Z,3,2
951,Hannah Charlie,2024-07-23T18:18:26.533249Z,3,2
952,Oscar Frank,2024-07-19T18:18:26.533253Z,3,1
953,Bob Nina,2024-10-04T18:18:26.533257Z,2,2
954,Hannah Steve,2024-05-13T18:18:26.533263Z,3,2
955,Frank David,2023-11-23T18:18:26.533267Z,1,3
956,Kevin Charlie,2024-08-04T18:18:26.533271Z,1,1
957,Grace Tina,2024-10-04T18:18:26.533274Z,3,3
958,Oscar Bob,2024-10-04T18:18:26.533278Z,1,3
959,Hannah Hannah,2023-11-05T18:18:26.533282Z,3,3
960,Laura Paula,2024-02-09T18:18:26.533286Z,1,3
961,David Mike,2023-11-28T18:18:26.533290Z,2,2
962,Hannah Julia,2024-05-13T18:18:26.533294Z,2,2
963,Laura Alice,2024-09-25T18:18:26.533298Z,2,3
964,Grace Hannah,2024-02-11T18:18:26.533301Z,3,2
965,Hannah Bob,2023-12-30T18:18:26.533305Z,1,1
966,David Paula,2024-02-21T18:18:26.533313Z,2,1
967,Charlie Grace,2024-04-05T18:18:26.533321Z,2,1
968,Julia Alice,2024-03-29T18:18:26.533328Z,3,2
969,David Steve,2024-07-26T18:18:26.533334Z,1,3
970,Mike Hannah,2024-04-04T18:18:26.533342Z,1,3
971,Alice Charlie,2024-01-17T18:18:26.533349Z,1,1
972,Laura Oscar,2023-12-08T18:18:26.533355Z,2,3
973,Tina Julia,2024-06-01T18:18:26.533362Z,2,3
974,Steve Frank,2024-07-05T18:18:26.533372Z,1,2
975,Tina Frank,2024-06-03T18:18:26.533380Z,3,2
976,Ian Alice,2024-07-18T18:18:26.533388Z,2,2
977,Quentin Quentin,2024-06-02T18:18:26.533395Z,1,2
978,Eva David,2024-07-16T18:18:26.533402Z,3,2
979,Paula Quentin,2024-07-08T18:18:26.533408Z,1,3
980,Quentin Kevin,2024-02-23T18:18:26.533416Z,2,2
981,Bob David,2024-08-11T18:18:26.533426Z,3,3
982,Nina Eva,2024-05-14T18:18:26.533433Z,1,2
983,Eva Oscar,2023-11-03T18:18:26.533439Z,2,3
984,Hannah Grace,2024-10-10T18:18:26.533445Z,1,1
985,Alice Quentin,2024-10-19T18:18:26.533452Z,2,3
986,Bob Steve,2024-04-27T18:18:26.533459Z,1,1
987,Laura Laura,2024-01-18T18:18:26.533467Z,2,1
988,Alice Mike,2024-06-04T18:18:26.533472Z,3,3
989,Laura David,2024-05-28T18:18:26.533476Z,3,1
990,Nina Ian,2023-11-09T18:18:26.533484Z,3,3
991,Eva Charlie,2024-03-07T18:18:26.533493Z,1,3
992,Frank Paula,2024-01-06T18:18:26.533502Z,1,2
993,Quentin Rachel,2024-02-01T18:18:26.533511Z,2,2
994,Alice Grace,2024-02-06T18:18:26.533520Z,2,1
995,Mike Julia,2024-10-05T18:18:26.533528Z,2,3
996,David Steve,2024-10-18T18:18:26.533536Z,1,3
997,Frank Oscar,2024-04-09T18:18:26.533540Z,1,2
998,Alice Eva,2024-03-10T18:18:26.533545Z,3,3
999,Eva Frank,2024-03-01T18:18:26.533549Z,1,1
1000,Paula Hannah,2024-09-30T18:18:26.533553Z,3,1
